"observation_date","asset_id","wallet","balance","wallet_class","exclude_as_partner","source_file"
"2026-07-02","factory-dronex","0xBE55e36198D44b20886610AcC3d6c49B06B00C7A","4939","empresa","True","2026-07-02_factory-dronex.xlsx"
"2026-07-02","factory-dronex","0x383c769DA36d20b021240c151F18E2e194d0cb59","380","externa_no_clasificada","False","2026-07-02_factory-dronex.xlsx"
"2026-07-02","factory-dronex","0x83f6728B671ea4999955Aa42cEeB565B65174D25","91","externa_no_clasificada","False","2026-07-02_factory-dronex.xlsx"
"2026-07-02","factory-dronex","0x347454696057658eb414E0C1c90fe8B0a2ae0AF4","77","externa_no_clasificada","False","2026-07-02_factory-dronex.xlsx"
"2026-07-02","factory-dronex","0x1D85Dfd2B0Df52B99D63C05C7413e6060f9e4969","74","externa_no_clasificada","False","2026-07-02_factory-dronex.xlsx"
"2026-07-02","factory-dronex","0x97facA51AD800341aa932809a8CF4907a05E6F98","73","externa_no_clasificada","False","2026-07-02_factory-dronex.xlsx"
"2026-07-02","factory-dronex","0xF7355866dAab816233631bF3aFD9D289aE575adE","70","externa_no_clasificada","False","2026-07-02_factory-dronex.xlsx"
"2026-07-02","factory-dronex","0x94b74A3Bd41e7bDFD553fC322890cee23A4E9BAe","58","externa_no_clasificada","False","2026-07-02_factory-dronex.xlsx"
"2026-07-02","factory-dronex","0xEDF815E489CD1EB31f36F10D08e18823C4eFc2bA","31","externa_no_clasificada","False","2026-07-02_factory-dronex.xlsx"
"2026-07-02","factory-dronex","0xa48112BB1D2Bf0f6184cBCCF13a6a2DA64378fD1","30","externa_no_clasificada","False","2026-07-02_factory-dronex.xlsx"
"2026-07-02","factory-dronex","0x904cD1D1bf5366C4d27d658e9E1dB4d5540017b1","25","externa_no_clasificada","False","2026-07-02_factory-dronex.xlsx"
"2026-07-02","factory-dronex","0x5b4282938abF4aF00e5C27b84B4438d27ea8C179","25","externa_no_clasificada","False","2026-07-02_factory-dronex.xlsx"
"2026-07-02","factory-dronex","0xF10090AcB5DcFf0D7478D27daF515F76A275A4b2","24","externa_no_clasificada","False","2026-07-02_factory-dronex.xlsx"
"2026-07-02","factory-dronex","0xC092f83b930B98106Ed1A95e2131f20A9665Abd6","23","externa_no_clasificada","False","2026-07-02_factory-dronex.xlsx"
"2026-07-02","factory-dronex","0x4D783B56805678CBcCc6C9e6A5a45E4ED127D03e","22","externa_no_clasificada","False","2026-07-02_factory-dronex.xlsx"
"2026-07-02","factory-dronex","0x9692053b5D23A9eA034a085fe8E608B148bffAAd","21","externa_no_clasificada","False","2026-07-02_factory-dronex.xlsx"
"2026-07-02","factory-dronex","0x44d5FFAB8C467B906B63dF7b462cb343B571E8D8","20","externa_no_clasificada","False","2026-07-02_factory-dronex.xlsx"
"2026-07-02","factory-dronex","0x344748D6a37B030A4BC72079518Ab226a85ec9eE","20","externa_no_clasificada","False","2026-07-02_factory-dronex.xlsx"
"2026-07-02","factory-dronex","0x6cB093f6c04b319C454684e62579f0Da098917Ba","20","externa_no_clasificada","False","2026-07-02_factory-dronex.xlsx"
"2026-07-02","factory-dronex","0x76B63eA641357c54Ffb4ee228390BFD54697EAED","20","externa_no_clasificada","False","2026-07-02_factory-dronex.xlsx"
"2026-07-02","factory-dronex","0x36350c961527a9EC4BC344386F634D215E4465Ed","19","externa_no_clasificada","False","2026-07-02_factory-dronex.xlsx"
"2026-07-02","factory-dronex","0x847f6F29Dc0dBa8388D6caB7A396Ab458b64dB6A","19","externa_no_clasificada","False","2026-07-02_factory-dronex.xlsx"
"2026-07-02","factory-dronex","0x0a2bb5619AfcAD154eF03EE20F7c6f5C09C70Ec8","16","externa_no_clasificada","False","2026-07-02_factory-dronex.xlsx"
"2026-07-02","factory-dronex","0x9823cd361dDA0865e46B19ee30aa496A2a9A1fBd","15","externa_no_clasificada","False","2026-07-02_factory-dronex.xlsx"
"2026-07-02","factory-dronex","0x33DCBA9a10C8109670BfC99285C793C1E9057c85","15","externa_no_clasificada","False","2026-07-02_factory-dronex.xlsx"
"2026-07-02","factory-dronex","0x9dfddc2A696e43a81c9C94acA2334dafb47e3265","15","externa_no_clasificada","False","2026-07-02_factory-dronex.xlsx"
"2026-07-02","factory-dronex","0x4Ac6475dC8A024256C4381F135e066881ad7bccE","15","externa_no_clasificada","False","2026-07-02_factory-dronex.xlsx"
"2026-07-02","factory-dronex","0x75Ac19132215f2860Eb288BdE967e5A1c4b69Ff8","15","externa_no_clasificada","False","2026-07-02_factory-dronex.xlsx"
"2026-07-02","factory-dronex","0x140feDE58be8f762675c431AB4a0321d5288198e","12","externa_no_clasificada","False","2026-07-02_factory-dronex.xlsx"
"2026-07-02","factory-dronex","0xf7a3d72Ee25a096554E408b6a4E9F6393fe0FfbF","10","externa_no_clasificada","False","2026-07-02_factory-dronex.xlsx"
"2026-07-02","factory-dronex","0x89F422d4cc232088C99ACD82848B01c8898CDaee","10","externa_no_clasificada","False","2026-07-02_factory-dronex.xlsx"
"2026-07-02","factory-dronex","0x4dc33616A0934652672c6858A39AB034F388BF56","10","externa_no_clasificada","False","2026-07-02_factory-dronex.xlsx"
"2026-07-02","factory-dronex","0x0dBb378F698F151Ae388cb0C16DaEF39632Ae9F7","10","externa_no_clasificada","False","2026-07-02_factory-dronex.xlsx"
"2026-07-02","factory-dronex","0x63f2B2A3Cf83785f2A3799Bc3110386F70fbE57f","10","externa_no_clasificada","False","2026-07-02_factory-dronex.xlsx"
"2026-07-02","factory-dronex","0x7977c4497f3367B3630FcC689608F80eD4dD019D","10","externa_no_clasificada","False","2026-07-02_factory-dronex.xlsx"
"2026-07-02","factory-dronex","0xbe502A2e6F02c313005D53CE09c3498Fc22c550b","9","externa_no_clasificada","False","2026-07-02_factory-dronex.xlsx"
"2026-07-02","factory-dronex","0xB296AF06217D9840Cb54d1c013b41b47af2071c7","9","externa_no_clasificada","False","2026-07-02_factory-dronex.xlsx"
"2026-07-02","factory-dronex","0xA6BECaeaa74c44BE4909D62f2cd120F799B03e97","9","externa_no_clasificada","False","2026-07-02_factory-dronex.xlsx"
"2026-07-02","factory-dronex","0xAD77Ac88E85966123ecd37C4F041e080C7f3ee01","9","externa_no_clasificada","False","2026-07-02_factory-dronex.xlsx"
"2026-07-02","factory-dronex","0x79B940c3E9199F7F86228f9d5813DFfC3Cd9D71d","9","externa_no_clasificada","False","2026-07-02_factory-dronex.xlsx"
"2026-07-02","factory-dronex","0xF747cd857F201990D975DccaA4495f992F4D9925","9","externa_no_clasificada","False","2026-07-02_factory-dronex.xlsx"
"2026-07-02","factory-dronex","0x1Da2A03663a797a1658aC13783022A8dEA35B7B1","9","externa_no_clasificada","False","2026-07-02_factory-dronex.xlsx"
"2026-07-02","factory-dronex","0x0F03307A1E624396e48865A3aF231436B449a448","8","externa_no_clasificada","False","2026-07-02_factory-dronex.xlsx"
"2026-07-02","factory-dronex","0x22F6df1955B4E4bC197720f673D20d857d5AA384","8","externa_no_clasificada","False","2026-07-02_factory-dronex.xlsx"
"2026-07-02","factory-dronex","0x037B1FfbBFf63ff7Ed4fd3b4918521e9786C0D16","8","externa_no_clasificada","False","2026-07-02_factory-dronex.xlsx"
"2026-07-02","factory-dronex","0xb7BD8e2478dE19c778B2224fE9262652d45223E3","8","externa_no_clasificada","False","2026-07-02_factory-dronex.xlsx"
"2026-07-02","factory-dronex","0xc9dB64a28E35630ff8D2F910aCf4811dc8768Ab7","8","externa_no_clasificada","False","2026-07-02_factory-dronex.xlsx"
"2026-07-02","factory-dronex","0xE6403c47f2bc7eB535e0d5eB0319E2741315Bf21","7","externa_no_clasificada","False","2026-07-02_factory-dronex.xlsx"
"2026-07-02","factory-dronex","0xb6729fb9093f9384d0d520C303592AacBD1514Ec","7","externa_no_clasificada","False","2026-07-02_factory-dronex.xlsx"
"2026-07-02","factory-dronex","0x49791b946A2290b1C04E2D48f557f22dAef47Bd2","7","externa_no_clasificada","False","2026-07-02_factory-dronex.xlsx"
"2026-07-02","factory-dronex","0x9cFbe52E8946d7A6206ECb8e5CDCE3a6a9Ca66c4","7","externa_no_clasificada","False","2026-07-02_factory-dronex.xlsx"
"2026-07-02","factory-dronex","0xB57054DA40877390C8a8160CD3B8033b254cAf5C","7","externa_no_clasificada","False","2026-07-02_factory-dronex.xlsx"
"2026-07-02","factory-dronex","0xcD2dfD124Fe9c08403A9B255Fb25EdDbe4c9a755","7","externa_no_clasificada","False","2026-07-02_factory-dronex.xlsx"
"2026-07-02","factory-dronex","0x510eC76765Cd9114008619EeB90B77F0E974E968","7","externa_no_clasificada","False","2026-07-02_factory-dronex.xlsx"
"2026-07-02","factory-dronex","0x01B89786798eA261b961e73388D17d1A3E0c9bAe","7","externa_no_clasificada","False","2026-07-02_factory-dronex.xlsx"
"2026-07-02","factory-dronex","0xA59d25E80343B02d9773513fE6137149Dc2Dc617","6","externa_no_clasificada","False","2026-07-02_factory-dronex.xlsx"
"2026-07-02","factory-dronex","0x6e79B0Ec9c229106E040BE6405CE1F5FB270B77A","6","externa_no_clasificada","False","2026-07-02_factory-dronex.xlsx"
"2026-07-02","factory-dronex","0x4d69e57050000f2e04bAF65D2525E50476ec6011","6","externa_no_clasificada","False","2026-07-02_factory-dronex.xlsx"
"2026-07-02","factory-dronex","0xfD406DB5B892cDC75b0cd28A96772a50a4CDE89B","6","externa_no_clasificada","False","2026-07-02_factory-dronex.xlsx"
"2026-07-02","factory-dronex","0xFe261997BD3f0103b1aeA93B45043d65BaEa86c4","6","externa_no_clasificada","False","2026-07-02_factory-dronex.xlsx"
"2026-07-02","factory-dronex","0x17B0927472fB3B516c1a3A958A835aCA5E470f03","6","externa_no_clasificada","False","2026-07-02_factory-dronex.xlsx"
"2026-07-02","factory-dronex","0x170b8d2a5371F4839f9D38089c78EEA89285e091","6","externa_no_clasificada","False","2026-07-02_factory-dronex.xlsx"
"2026-07-02","factory-dronex","0xDd12B2358C3D36A56bEBB223Ea6949F141f44976","5","externa_no_clasificada","False","2026-07-02_factory-dronex.xlsx"
"2026-07-02","factory-dronex","0xC866853cd6091733C4f5744983D38CE0cd55Da51","5","externa_no_clasificada","False","2026-07-02_factory-dronex.xlsx"
"2026-07-02","factory-dronex","0x8FBeA652dC03748fecDeFa3EA6eeDcde0AE5fC36","5","externa_no_clasificada","False","2026-07-02_factory-dronex.xlsx"
"2026-07-02","factory-dronex","0x0080f53A09Aab23dd2Fc27A4b35B774B2A6d6c15","5","externa_no_clasificada","False","2026-07-02_factory-dronex.xlsx"
"2026-07-02","factory-dronex","0xa54a118523086db83E43902821901B294d8A089B","5","externa_no_clasificada","False","2026-07-02_factory-dronex.xlsx"
"2026-07-02","factory-dronex","0xA6108D8D9810aD0E77bBb9D857F7aF393F1B9C00","5","externa_no_clasificada","False","2026-07-02_factory-dronex.xlsx"
"2026-07-02","factory-dronex","0xb6b8843Fc48844fa037CA68f64402Ca1cE92A81D","5","externa_no_clasificada","False","2026-07-02_factory-dronex.xlsx"
"2026-07-02","factory-dronex","0x98E9a499E388857d24041891A329294317a3ea8a","5","externa_no_clasificada","False","2026-07-02_factory-dronex.xlsx"
"2026-07-02","factory-dronex","0x8369BAEf5F85005047fae745D25Cb563E296dd38","5","externa_no_clasificada","False","2026-07-02_factory-dronex.xlsx"
"2026-07-02","factory-dronex","0xd103d3344Cc08C61335e8c8Ae508F73dFc504422","5","externa_no_clasificada","False","2026-07-02_factory-dronex.xlsx"
"2026-07-02","factory-dronex","0x3BB49319f4431182e5f798d5cE24e89e382407c1","5","externa_no_clasificada","False","2026-07-02_factory-dronex.xlsx"
"2026-07-02","factory-dronex","0x3636f77612d9AF6CCBfC5B40A569280b5a0b74dc","5","externa_no_clasificada","False","2026-07-02_factory-dronex.xlsx"
"2026-07-02","factory-dronex","0x842C9AED86d3EC60986378052C0d1b55F8da5be4","5","externa_no_clasificada","False","2026-07-02_factory-dronex.xlsx"
"2026-07-02","factory-dronex","0x7d03Ac63f4403b88be97b4b80Bb7B948280C8f0A","5","externa_no_clasificada","False","2026-07-02_factory-dronex.xlsx"
"2026-07-02","factory-dronex","0x7Dd7B40FF800b2260b073Cd070FdCCeD139C32b0","5","externa_no_clasificada","False","2026-07-02_factory-dronex.xlsx"
"2026-07-02","factory-dronex","0xd55fc518a13C1f1949c478E891183800B443A4A1","5","externa_no_clasificada","False","2026-07-02_factory-dronex.xlsx"
"2026-07-02","factory-dronex","0xDb37D6c0eb8bfaC74aF62b3C04290615C314b792","4","externa_no_clasificada","False","2026-07-02_factory-dronex.xlsx"
"2026-07-02","factory-dronex","0xf747e3d97DB364E7bF6D35Ee04022d2eF6912A55","4","externa_no_clasificada","False","2026-07-02_factory-dronex.xlsx"
"2026-07-02","factory-dronex","0xc504Bd9160a786ea638D1CdBe99eB1fa2E082aFc","4","externa_no_clasificada","False","2026-07-02_factory-dronex.xlsx"
"2026-07-02","factory-dronex","0xf6A24634B1Ac8c5cbC71E2A27E3E617Ae2C4ddf3","4","externa_no_clasificada","False","2026-07-02_factory-dronex.xlsx"
"2026-07-02","factory-dronex","0xC101029c27EA2ef9b8d5f1A8a705F3b1CF11c1c6","4","externa_no_clasificada","False","2026-07-02_factory-dronex.xlsx"
"2026-07-02","factory-dronex","0x4233A8E77Eaf2fdBEC52490Dfe98254a568e0B35","4","externa_no_clasificada","False","2026-07-02_factory-dronex.xlsx"
"2026-07-02","factory-dronex","0x6f9a018DaA98Abe6244aD54050dEa07288594A11","4","externa_no_clasificada","False","2026-07-02_factory-dronex.xlsx"
"2026-07-02","factory-dronex","0x6146cd985523c30ecF79Afd8222DE63C9d55555F","4","externa_no_clasificada","False","2026-07-02_factory-dronex.xlsx"
"2026-07-02","factory-dronex","0x290E627907D883E6769194920B2fd4DCc1Cd20e3","4","externa_no_clasificada","False","2026-07-02_factory-dronex.xlsx"
"2026-07-02","factory-dronex","0x711DBf601533784a2aBE8E5caE9C4Be232dafd65","4","externa_no_clasificada","False","2026-07-02_factory-dronex.xlsx"
"2026-07-02","factory-dronex","0x5B300E660fB8e02CbBaF7087a63b50f6B71FF2Ee","4","externa_no_clasificada","False","2026-07-02_factory-dronex.xlsx"
"2026-07-02","factory-dronex","0x361a88a0ceDbBd1aD70769E05dCcD2Bf6929e953","4","externa_no_clasificada","False","2026-07-02_factory-dronex.xlsx"
"2026-07-02","factory-dronex","0x7c902e4adAe3bF612752926933DEeb7fb07C9044","4","externa_no_clasificada","False","2026-07-02_factory-dronex.xlsx"
"2026-07-02","factory-dronex","0xF4cCF29232663F207190d1e24ff26De144c4B11f","3","externa_no_clasificada","False","2026-07-02_factory-dronex.xlsx"
"2026-07-02","factory-dronex","0x9C86F8667E2b7351CccC9d34B828EB348711e276","3","externa_no_clasificada","False","2026-07-02_factory-dronex.xlsx"
"2026-07-02","factory-dronex","0x72dFc5C34A1f593e0F60a1d058D0A07388A0Fb79","3","externa_no_clasificada","False","2026-07-02_factory-dronex.xlsx"
"2026-07-02","factory-dronex","0xF2CCC875466f29c5B566B2F7814eAaD6e08D43Bb","3","externa_no_clasificada","False","2026-07-02_factory-dronex.xlsx"
"2026-07-02","factory-dronex","0x0f384Ca693eA9A7eEb4f269651c5Aa7D5B402E82","3","externa_no_clasificada","False","2026-07-02_factory-dronex.xlsx"
"2026-07-02","factory-dronex","0x7e805835A89195a7940aeA1714D9185622f00F18","3","externa_no_clasificada","False","2026-07-02_factory-dronex.xlsx"
"2026-07-02","factory-dronex","0xDE004e8a62e56D454dBD611DD4564B5b97dEe8Ff","3","externa_no_clasificada","False","2026-07-02_factory-dronex.xlsx"
"2026-07-02","factory-dronex","0xBfB381FcFa9B955511C99f405Da436b2F6d23a0f","3","externa_no_clasificada","False","2026-07-02_factory-dronex.xlsx"
"2026-07-02","factory-dronex","0xC338996f711FD4087A9421F626155D76c0536A9E","3","externa_no_clasificada","False","2026-07-02_factory-dronex.xlsx"
"2026-07-02","factory-dronex","0xF9Cf5Fb5f779F45e8dcF2b9f146229fFE7Bd8190","3","externa_no_clasificada","False","2026-07-02_factory-dronex.xlsx"
"2026-07-02","factory-dronex","0x82591EB0a9443856DBF3F8B8fdf28aeD5a5E9051","3","externa_no_clasificada","False","2026-07-02_factory-dronex.xlsx"
"2026-07-02","factory-dronex","0x04C2f3eD90c4D261be6d8E75b6DC878547C280bc","3","externa_no_clasificada","False","2026-07-02_factory-dronex.xlsx"
"2026-07-02","factory-dronex","0x17626c05492aBA2B70476C0151Cd430A8691c9C1","3","externa_no_clasificada","False","2026-07-02_factory-dronex.xlsx"
"2026-07-02","factory-dronex","0x8B2071760f030c392e7FeB8E5A303F847b672832","3","externa_no_clasificada","False","2026-07-02_factory-dronex.xlsx"
"2026-07-02","factory-dronex","0xb13f12588D39D4F44Cd7CF45197C8d4bf06a4BDf","3","externa_no_clasificada","False","2026-07-02_factory-dronex.xlsx"
"2026-07-02","factory-dronex","0x125a372d7014D8a94c2B023ea1fC94C0eec82e6e","3","externa_no_clasificada","False","2026-07-02_factory-dronex.xlsx"
"2026-07-02","factory-dronex","0x1191e454173c7a8BAC5B35771e9c1351a31D0c75","3","externa_no_clasificada","False","2026-07-02_factory-dronex.xlsx"
"2026-07-02","factory-dronex","0x64e397010b47CfBBAa00592339340d9F084eEbe2","3","externa_no_clasificada","False","2026-07-02_factory-dronex.xlsx"
"2026-07-02","factory-dronex","0x2a698A9cB4571a146ac7294Da11b6Da527930387","3","externa_no_clasificada","False","2026-07-02_factory-dronex.xlsx"
"2026-07-02","factory-dronex","0x41C954147b60D8cB2426742ab653dB5419155C67","3","externa_no_clasificada","False","2026-07-02_factory-dronex.xlsx"
"2026-07-02","factory-dronex","0x2B6847B53008aE90e1EF3477bB93Cdd081f09403","3","externa_no_clasificada","False","2026-07-02_factory-dronex.xlsx"
"2026-07-02","factory-dronex","0x371BA228300500DE2b1776395fbde496E729FC3E","3","externa_no_clasificada","False","2026-07-02_factory-dronex.xlsx"
"2026-07-02","factory-dronex","0xE07bed24760dE0F006F4032ae97cce1321b5798C","3","externa_no_clasificada","False","2026-07-02_factory-dronex.xlsx"
"2026-07-02","factory-dronex","0xAf95845A338CbB88eDeEeC2D8e38360D0052B1D2","3","externa_no_clasificada","False","2026-07-02_factory-dronex.xlsx"
"2026-07-02","factory-dronex","0xFe54D87198c951C6248bd3c54Ef3eCE78C45F8D0","3","externa_no_clasificada","False","2026-07-02_factory-dronex.xlsx"
"2026-07-02","factory-dronex","0x603d3003A0f903d10dc03FAA88D24022D346827a","3","externa_no_clasificada","False","2026-07-02_factory-dronex.xlsx"
"2026-07-02","factory-dronex","0x9cC280ef77BAe1C65DAA2648DAd35859F084b459","3","externa_no_clasificada","False","2026-07-02_factory-dronex.xlsx"
"2026-07-02","factory-dronex","0xEeF55f583a06DB78ECFAD0621e063C27E3254CBb","3","externa_no_clasificada","False","2026-07-02_factory-dronex.xlsx"
"2026-07-02","factory-dronex","0x0BC773F9Ae7241cB6ff38e6B271233E43405754F","3","externa_no_clasificada","False","2026-07-02_factory-dronex.xlsx"
"2026-07-02","factory-dronex","0x66775Fc0FbEa8d4B7Da0A553D1730b634d43234A","3","externa_no_clasificada","False","2026-07-02_factory-dronex.xlsx"
"2026-07-02","factory-dronex","0x8d700C03aaB20f189b47bd8559000F6c020959d7","2","externa_no_clasificada","False","2026-07-02_factory-dronex.xlsx"
"2026-07-02","factory-dronex","0x3BA91Fc13410Bb98640d61Ca7F182a339b154390","2","externa_no_clasificada","False","2026-07-02_factory-dronex.xlsx"
"2026-07-02","factory-dronex","0xF2F232431ce9c47B45D0a3A236E4c402Ab98cEBD","2","externa_no_clasificada","False","2026-07-02_factory-dronex.xlsx"
"2026-07-02","factory-dronex","0x55633ba2883917C27897319930C48b551487C0Cd","2","externa_no_clasificada","False","2026-07-02_factory-dronex.xlsx"
"2026-07-02","factory-dronex","0x92152f81595262A08F28eA42457Dc8A747D1C3c0","2","externa_no_clasificada","False","2026-07-02_factory-dronex.xlsx"
"2026-07-02","factory-dronex","0x2D9E6D0469f9027CD373f1699Cb4Bee40d43d87c","2","externa_no_clasificada","False","2026-07-02_factory-dronex.xlsx"
"2026-07-02","factory-dronex","0xf091A66c67179Ca77E53C105f232E4aC683F551f","2","externa_no_clasificada","False","2026-07-02_factory-dronex.xlsx"
"2026-07-02","factory-dronex","0x7272c4f659809c4486efD25Bc3fEd4Ffc6a21138","2","externa_no_clasificada","False","2026-07-02_factory-dronex.xlsx"
"2026-07-02","factory-dronex","0x0d38f8aAE56D43b49823C344e85040a5d8d28458","2","externa_no_clasificada","False","2026-07-02_factory-dronex.xlsx"
"2026-07-02","factory-dronex","0x54A2dBD407b05cfCa9E57A321cbCf7136c87F4be","2","externa_no_clasificada","False","2026-07-02_factory-dronex.xlsx"
"2026-07-02","factory-dronex","0xbE9Df5e2295B967D8F68C7b56dD31c222820C950","2","externa_no_clasificada","False","2026-07-02_factory-dronex.xlsx"
"2026-07-02","factory-dronex","0xAa952c14560cFb81D0dFE0b1813DdDdF9C4598D8","2","externa_no_clasificada","False","2026-07-02_factory-dronex.xlsx"
"2026-07-02","factory-dronex","0x743aCC8a3DC46311464a43207D07E1F883001E80","2","externa_no_clasificada","False","2026-07-02_factory-dronex.xlsx"
"2026-07-02","factory-dronex","0xa38bd652bc3CAaa0fcEb8221F80B52fe06ed5442","2","externa_no_clasificada","False","2026-07-02_factory-dronex.xlsx"
"2026-07-02","factory-dronex","0xa4ea6274e82517695BDaD42636313b7E209b7025","2","externa_no_clasificada","False","2026-07-02_factory-dronex.xlsx"
"2026-07-02","factory-dronex","0x5d26F67954C495C8c1fF517e27dD532Fa86577BD","2","externa_no_clasificada","False","2026-07-02_factory-dronex.xlsx"
"2026-07-02","factory-dronex","0x93abDc5D83F7806805F866965474dBE34fe1a536","2","externa_no_clasificada","False","2026-07-02_factory-dronex.xlsx"
"2026-07-02","factory-dronex","0x05BE68AB2478a37Bd5F254E66c2131Cf0A5c8E4f","2","externa_no_clasificada","False","2026-07-02_factory-dronex.xlsx"
"2026-07-02","factory-dronex","0x053B7735460560d952af32aC4fbca77944aab052","2","externa_no_clasificada","False","2026-07-02_factory-dronex.xlsx"
"2026-07-02","factory-dronex","0x42C257Ee479C9dFd97d170686f879bb0476C8288","2","externa_no_clasificada","False","2026-07-02_factory-dronex.xlsx"
"2026-07-02","factory-dronex","0x8DEd9c667510E338e937d6bFB93a52ea8f41f545","2","externa_no_clasificada","False","2026-07-02_factory-dronex.xlsx"
"2026-07-02","factory-dronex","0x17c1B1B4B334c337Afe3fa5226dD50047FA3D1ff","2","externa_no_clasificada","False","2026-07-02_factory-dronex.xlsx"
"2026-07-02","factory-dronex","0x3182c467Bb40f14c9F8D35110471AfEF019621f2","2","externa_no_clasificada","False","2026-07-02_factory-dronex.xlsx"
"2026-07-02","factory-dronex","0x4f09b9bD9c54730708531fa1461c91deB33e5BE8","2","externa_no_clasificada","False","2026-07-02_factory-dronex.xlsx"
"2026-07-02","factory-dronex","0x616EBDEF3c3F93ffF54aB45634Cc3FEAF12a1C97","2","externa_no_clasificada","False","2026-07-02_factory-dronex.xlsx"
"2026-07-02","factory-dronex","0x1d9c3F945752562c553088474a8057B673573FE8","2","externa_no_clasificada","False","2026-07-02_factory-dronex.xlsx"
"2026-07-02","factory-dronex","0x0882f0c8deFED3355888Bda0252dba14aFC3AE81","2","externa_no_clasificada","False","2026-07-02_factory-dronex.xlsx"
"2026-07-02","factory-dronex","0x3441eD630a87D75acdc9Dc7d4A3944c001B369Fb","2","externa_no_clasificada","False","2026-07-02_factory-dronex.xlsx"
"2026-07-02","factory-dronex","0xb0092F5512A3a71998E6dfCd4BB94Ff1A0936f01","2","externa_no_clasificada","False","2026-07-02_factory-dronex.xlsx"
"2026-07-02","factory-dronex","0x9e7993715D539083C508068885d1C2d37dC3aEDD","2","externa_no_clasificada","False","2026-07-02_factory-dronex.xlsx"
"2026-07-02","factory-dronex","0x4383B469b83632e45812e71DcA609878C20EE212","2","externa_no_clasificada","False","2026-07-02_factory-dronex.xlsx"
"2026-07-02","factory-dronex","0x8CE04CB360A6aC1e295B320e6c94Bc5c295b9EC9","2","externa_no_clasificada","False","2026-07-02_factory-dronex.xlsx"
"2026-07-02","factory-dronex","0xbA0526C9C84aeAaF82AecE7204D2Bf5e19CE8cE6","2","externa_no_clasificada","False","2026-07-02_factory-dronex.xlsx"
"2026-07-02","factory-dronex","0xefCb3a405904FDf2d0c25a8AcC907D587b95869E","2","externa_no_clasificada","False","2026-07-02_factory-dronex.xlsx"
"2026-07-02","factory-dronex","0x92c8999A2fd763cD33991A059869D9B7AB2f4033","2","externa_no_clasificada","False","2026-07-02_factory-dronex.xlsx"
"2026-07-02","factory-dronex","0x33767eFFef02dAD478D4d5d4673b2853de968d71","2","externa_no_clasificada","False","2026-07-02_factory-dronex.xlsx"
"2026-07-02","factory-dronex","0xaBF393e18238c8A6fD33d0eA104ba30659C2422e","2","externa_no_clasificada","False","2026-07-02_factory-dronex.xlsx"
"2026-07-02","factory-dronex","0xFA60F5939B79EEce7da62Cad68773a331cC144AE","2","externa_no_clasificada","False","2026-07-02_factory-dronex.xlsx"
"2026-07-02","factory-dronex","0x479Fbc5C69dE742C78Db965238F9F91873E37E8d","2","externa_no_clasificada","False","2026-07-02_factory-dronex.xlsx"
"2026-07-02","factory-dronex","0x7Ff0464DFAA03FBc6E000d50ee6f84a2F1606095","2","externa_no_clasificada","False","2026-07-02_factory-dronex.xlsx"
"2026-07-02","factory-dronex","0xd6b4E920406530C707b9031C6F6cf635b05B7cBe","2","externa_no_clasificada","False","2026-07-02_factory-dronex.xlsx"
"2026-07-02","factory-dronex","0xF32b3bbf9564ad692Fc603adFAb934a822F59d68","2","externa_no_clasificada","False","2026-07-02_factory-dronex.xlsx"
"2026-07-02","factory-dronex","0x7EB94169C0E8C402FEeFab9F3842dF715D3c007B","2","externa_no_clasificada","False","2026-07-02_factory-dronex.xlsx"
"2026-07-02","factory-dronex","0x5026E054AEBB21Df7d5cFE9Bf460ea6a66EB752A","2","externa_no_clasificada","False","2026-07-02_factory-dronex.xlsx"
"2026-07-02","factory-dronex","0xc8C33Af126Ac5933D3e3B1E279c79404cd74fC1e","2","externa_no_clasificada","False","2026-07-02_factory-dronex.xlsx"
"2026-07-02","factory-dronex","0x856400864CbB9C5d08dfEbE6Bf48BAbF084e333b","2","externa_no_clasificada","False","2026-07-02_factory-dronex.xlsx"
"2026-07-02","factory-dronex","0xb833b6Ead9d81c97d412AED6921EEda084c54db3","2","externa_no_clasificada","False","2026-07-02_factory-dronex.xlsx"
"2026-07-02","factory-dronex","0x1515cB7D7B8d493B3845330Ad20e2BC76FB2437B","2","externa_no_clasificada","False","2026-07-02_factory-dronex.xlsx"
"2026-07-02","factory-dronex","0x0DB7b10cF7E67d385202e0A078D750b3423e561d","2","externa_no_clasificada","False","2026-07-02_factory-dronex.xlsx"
"2026-07-02","factory-dronex","0xF8AeD1F0dA3f6522E0E42c71D6F906B8A8cBC673","2","externa_no_clasificada","False","2026-07-02_factory-dronex.xlsx"
"2026-07-02","factory-dronex","0x1dF9c80Bfcd100c888FAB9f1EeD70e7E6fBe8596","2","externa_no_clasificada","False","2026-07-02_factory-dronex.xlsx"
"2026-07-02","factory-dronex","0x344bb3160ef6D406A7AA8af5C630CEF7954efFf0","2","externa_no_clasificada","False","2026-07-02_factory-dronex.xlsx"
"2026-07-02","factory-dronex","0xE7D3F7992fe5ced242047156C487C1e510A6679b","2","externa_no_clasificada","False","2026-07-02_factory-dronex.xlsx"
"2026-07-02","factory-dronex","0x965C25DC737B46C857f28656D4F0374490b46351","2","externa_no_clasificada","False","2026-07-02_factory-dronex.xlsx"
"2026-07-02","factory-dronex","0xDB46D298e450861daE5B39aA28A13078b85df50c","2","externa_no_clasificada","False","2026-07-02_factory-dronex.xlsx"
"2026-07-02","factory-dronex","0xacc92C54bD67Dda6c1C0b28bf899E7772581B270","2","externa_no_clasificada","False","2026-07-02_factory-dronex.xlsx"
"2026-07-02","factory-dronex","0xd81Fed13CEc4E30eEb901a8B839Fe6E99593F316","2","externa_no_clasificada","False","2026-07-02_factory-dronex.xlsx"
"2026-07-02","factory-dronex","0xCfa8bd384D8013730De4770819c2bd15Ee377B6D","2","externa_no_clasificada","False","2026-07-02_factory-dronex.xlsx"
"2026-07-02","factory-dronex","0xD5C09368B1861D714D5F92546bf39bb7A90e45e1","2","externa_no_clasificada","False","2026-07-02_factory-dronex.xlsx"
"2026-07-02","factory-dronex","0xEa16732Ac1765cfe0B41Ea496426F737F0168FF4","2","externa_no_clasificada","False","2026-07-02_factory-dronex.xlsx"
"2026-07-02","factory-dronex","0xd2349f88b2B1547098770B683E1Acd4D6C78Eca8","2","externa_no_clasificada","False","2026-07-02_factory-dronex.xlsx"
"2026-07-02","factory-dronex","0xBA4EF7692C09a5DFf179791e119795d37Fc5560E","2","externa_no_clasificada","False","2026-07-02_factory-dronex.xlsx"
"2026-07-02","factory-dronex","0x5cCb78929B42BEF29d4be06db10b48133cC4dDf2","2","externa_no_clasificada","False","2026-07-02_factory-dronex.xlsx"
"2026-07-02","factory-dronex","0x3C33Dc8Aa7D636CD862A2fB63129A07C674E4574","2","externa_no_clasificada","False","2026-07-02_factory-dronex.xlsx"
"2026-07-02","factory-dronex","0xbEef779B64F95Aa1C72e45cCba763E505A90a264","2","externa_no_clasificada","False","2026-07-02_factory-dronex.xlsx"
"2026-07-02","factory-dronex","0x2086f15d90C0c79fa7f75b618f01f798F5a63F00","2","externa_no_clasificada","False","2026-07-02_factory-dronex.xlsx"
"2026-07-02","factory-dronex","0x45C8ec30293692f0212a4bFFa2F835dfea50D722","2","externa_no_clasificada","False","2026-07-02_factory-dronex.xlsx"
"2026-07-02","factory-dronex","0x0C544f9B16525818266238838346873b627971D8","2","externa_no_clasificada","False","2026-07-02_factory-dronex.xlsx"
"2026-07-02","factory-dronex","0x531eE7b41C1C26E237a981DEF4c707831C5ccAeF","2","externa_no_clasificada","False","2026-07-02_factory-dronex.xlsx"
"2026-07-02","factory-dronex","0x8089566C499D43D57Bcd8ed6C72C8db14a915E6e","2","externa_no_clasificada","False","2026-07-02_factory-dronex.xlsx"
"2026-07-02","factory-dronex","0x0D0fd78ca09eA4071743fF04b5E8452a28c26f44","2","externa_no_clasificada","False","2026-07-02_factory-dronex.xlsx"
"2026-07-02","factory-dronex","0x85ebd0728352CB11778E143fF3a900b9Cc5074Bc","2","externa_no_clasificada","False","2026-07-02_factory-dronex.xlsx"
"2026-07-02","factory-dronex","0x6C287A5CF6e88Ec7787e3398349105FfbED22055","2","externa_no_clasificada","False","2026-07-02_factory-dronex.xlsx"
"2026-07-02","factory-dronex","0xad31048d15a4E38E67aebd1163f33629eBa9C0fF","2","externa_no_clasificada","False","2026-07-02_factory-dronex.xlsx"
"2026-07-02","factory-dronex","0x72C54a3e68d215651390cB218053223c6763F71f","2","externa_no_clasificada","False","2026-07-02_factory-dronex.xlsx"
"2026-07-02","factory-dronex","0x913089De43eFD05102ca74168A5b1c4a3Ab7650D","1","externa_no_clasificada","False","2026-07-02_factory-dronex.xlsx"
"2026-07-02","factory-dronex","0x022c15689AB56A7cF886ea09558155734006dFaa","1","externa_no_clasificada","False","2026-07-02_factory-dronex.xlsx"
"2026-07-02","factory-dronex","0x345536CCF971A752FADe5cf4A24b0C776e5DCc00","1","externa_no_clasificada","False","2026-07-02_factory-dronex.xlsx"
"2026-07-02","factory-dronex","0x7B7Aa388595f3EEFB7cB6393A70cD6B41Dc3EDE9","1","externa_no_clasificada","False","2026-07-02_factory-dronex.xlsx"
"2026-07-02","factory-dronex","0x83d91860309c45e412f4dEA3bC8bA0506005d76b","1","externa_no_clasificada","False","2026-07-02_factory-dronex.xlsx"
"2026-07-02","factory-dronex","0xa954bD0FB3482c9CE153876ab86089E7b19B49dE","1","externa_no_clasificada","False","2026-07-02_factory-dronex.xlsx"
"2026-07-02","factory-dronex","0x3e69a27985862178b2E43539469B17F74e90A754","1","externa_no_clasificada","False","2026-07-02_factory-dronex.xlsx"
"2026-07-02","factory-dronex","0x5340aD55e26EEd2F29c531686F5479Af30183ea0","1","externa_no_clasificada","False","2026-07-02_factory-dronex.xlsx"
"2026-07-02","factory-dronex","0xe3346121C4aC2D742ae57e77C84B254A1826c947","1","externa_no_clasificada","False","2026-07-02_factory-dronex.xlsx"
"2026-07-02","factory-dronex","0xA46DFD0A63850De12762316E477BF73CF7Bceb76","1","externa_no_clasificada","False","2026-07-02_factory-dronex.xlsx"
"2026-07-02","factory-dronex","0x7A8856367d33650498D2c98FeC06f6e6986567E5","1","externa_no_clasificada","False","2026-07-02_factory-dronex.xlsx"
"2026-07-02","factory-dronex","0x8c6561C5ff8d29123D7b17b1e2A1902402898B9a","1","externa_no_clasificada","False","2026-07-02_factory-dronex.xlsx"
"2026-07-02","factory-dronex","0xD193d7Dfee5DAE4092Df3fBD67Ff273779336939","1","externa_no_clasificada","False","2026-07-02_factory-dronex.xlsx"
"2026-07-02","factory-dronex","0xa57c42Cd0b9a778933699995f616229203FD6A78","1","externa_no_clasificada","False","2026-07-02_factory-dronex.xlsx"
"2026-07-02","factory-dronex","0x0a88908aa319EB49A8Bef3Cf55fecf1BD252c0aF","1","externa_no_clasificada","False","2026-07-02_factory-dronex.xlsx"
"2026-07-02","factory-dronex","0x8695B6bc23c0989C28359606B27EBe8B48eC169f","1","externa_no_clasificada","False","2026-07-02_factory-dronex.xlsx"
"2026-07-02","factory-dronex","0xccEEC8c4c78614B8Cd3678C4564Ec547a9400469","1","externa_no_clasificada","False","2026-07-02_factory-dronex.xlsx"
"2026-07-02","factory-dronex","0x887E5E12a0991545fDEA4835B358B04804d60a0E","1","externa_no_clasificada","False","2026-07-02_factory-dronex.xlsx"
"2026-07-02","factory-dronex","0x08837da5F3E123D8c12ba76879a00279FD45c9CB","1","externa_no_clasificada","False","2026-07-02_factory-dronex.xlsx"
"2026-07-02","factory-dronex","0x6BdF62A28D7ecBB41e720E7EA2CF1fda140bC863","1","externa_no_clasificada","False","2026-07-02_factory-dronex.xlsx"
"2026-07-02","factory-dronex","0x65d7Fefd41791FfF8f1797aE01C7C7974E030C90","1","externa_no_clasificada","False","2026-07-02_factory-dronex.xlsx"
"2026-07-02","factory-dronex","0x7B812c79168a533EeF6Db0B9d7189e50DaF05E43","1","externa_no_clasificada","False","2026-07-02_factory-dronex.xlsx"
"2026-07-02","factory-dronex","0xEa983dd4F6499e8771A8FE919fe71e73bB2A6649","1","externa_no_clasificada","False","2026-07-02_factory-dronex.xlsx"
"2026-07-02","factory-dronex","0xB61D5E51734dadC7c2056D5EaAAc994f9933d132","1","externa_no_clasificada","False","2026-07-02_factory-dronex.xlsx"
"2026-07-02","factory-dronex","0xad0CC5Fa093817Fd688c014aeC6aD71E01A5a350","1","externa_no_clasificada","False","2026-07-02_factory-dronex.xlsx"
"2026-07-02","factory-dronex","0x5aF58EE01cfC0A72529F79087137a2Dc649Eea7A","1","externa_no_clasificada","False","2026-07-02_factory-dronex.xlsx"
"2026-07-02","factory-dronex","0x8A5b0Abc9D0De67268E0969ECE95043c4cBdDf52","1","externa_no_clasificada","False","2026-07-02_factory-dronex.xlsx"
"2026-07-02","factory-dronex","0x7229cB39e5f8181d1f00BC5460495c5227259F3a","1","externa_no_clasificada","False","2026-07-02_factory-dronex.xlsx"
"2026-07-02","factory-dronex","0xB4bF30eB191Fa02bC25735fA5032DaCcA4ba12d3","1","externa_no_clasificada","False","2026-07-02_factory-dronex.xlsx"
"2026-07-02","factory-dronex","0xFA5f4fAE89B5d482F3A56CC08689b10Ea6566F3E","1","externa_no_clasificada","False","2026-07-02_factory-dronex.xlsx"
"2026-07-02","factory-dronex","0x2D69E0f91980f72aaC04427cdebbeB61991e728A","1","externa_no_clasificada","False","2026-07-02_factory-dronex.xlsx"
"2026-07-02","factory-dronex","0xFD9f49230F85D4C8370e47fDB35A523b0877Ea45","1","externa_no_clasificada","False","2026-07-02_factory-dronex.xlsx"
"2026-07-02","factory-dronex","0xC1307906378191ad8C6d25558118dA7CcfFba33a","1","externa_no_clasificada","False","2026-07-02_factory-dronex.xlsx"
"2026-07-02","factory-dronex","0x0fDFe03e096449EFbEf97C751C43FD37Ac004Eb2","1","externa_no_clasificada","False","2026-07-02_factory-dronex.xlsx"
"2026-07-02","factory-dronex","0x1eCEAE927Ff9e577bEEE749179244E1a6fBF9F35","1","externa_no_clasificada","False","2026-07-02_factory-dronex.xlsx"
"2026-07-02","factory-dronex","0xF4D80869E9d9Df2540B07A1Fed3d1F7fa0197a4d","1","externa_no_clasificada","False","2026-07-02_factory-dronex.xlsx"
"2026-07-02","factory-dronex","0x0BcCF6De79bF45328b61464A8cB5979D29CB1DCd","1","externa_no_clasificada","False","2026-07-02_factory-dronex.xlsx"
"2026-07-02","factory-dronex","0x73084e18056921E1330843ED1653A18641aFb30B","1","externa_no_clasificada","False","2026-07-02_factory-dronex.xlsx"
"2026-07-02","factory-dronex","0x44DbaCD3adca8C50A11F2E52b8C816c510982BAF","1","externa_no_clasificada","False","2026-07-02_factory-dronex.xlsx"
"2026-07-02","factory-dronex","0x41D25b0922487EA6E0C5E1c3Cc787F200b6214A0","1","externa_no_clasificada","False","2026-07-02_factory-dronex.xlsx"
"2026-07-02","factory-dronex","0x9fFC97EA9BF04E733f5B86E4dEf29d2fab5D8e1f","1","externa_no_clasificada","False","2026-07-02_factory-dronex.xlsx"
"2026-07-02","factory-dronex","0x0794747C9B6ab29c56de0EaDBf898cA7dD8Aa69E","1","externa_no_clasificada","False","2026-07-02_factory-dronex.xlsx"
"2026-07-02","factory-dronex","0x7AA4bE1de077d7a1e806337DfA817e6C6B32b5b0","1","externa_no_clasificada","False","2026-07-02_factory-dronex.xlsx"
"2026-07-02","factory-dronex","0x343a20c577D043290607EDc8069dB2423D563316","1","externa_no_clasificada","False","2026-07-02_factory-dronex.xlsx"
"2026-07-02","factory-dronex","0x9F7aC9fA109eA6ee12BE289ae60571168886BdF1","1","externa_no_clasificada","False","2026-07-02_factory-dronex.xlsx"
"2026-07-02","factory-dronex","0x0Fb8D81E324b0535f3ba8a2B6Ccc38CBE44a41A9","1","externa_no_clasificada","False","2026-07-02_factory-dronex.xlsx"
"2026-07-02","factory-dronex","0xe6b02A0BF351C08739ca900FB1ae35405B03a4c4","1","externa_no_clasificada","False","2026-07-02_factory-dronex.xlsx"
"2026-07-02","factory-dronex","0x9044E18eB2c7846Ee162B9439252d1229B378816","1","externa_no_clasificada","False","2026-07-02_factory-dronex.xlsx"
"2026-07-02","factory-dronex","0xa665EB882a5C0277Cb0334c3722570FeBa448986","1","externa_no_clasificada","False","2026-07-02_factory-dronex.xlsx"
"2026-07-02","factory-dronex","0xe733229876bB75358e45205fBb6d63F1E88D3a21","1","externa_no_clasificada","False","2026-07-02_factory-dronex.xlsx"
"2026-07-02","factory-dronex","0xb0a491E6f1ee841A5C12356742bD198c63C705aA","1","externa_no_clasificada","False","2026-07-02_factory-dronex.xlsx"
"2026-07-02","factory-dronex","0x7C78eB193ffCf63363248f397E2EAdEC94108116","1","externa_no_clasificada","False","2026-07-02_factory-dronex.xlsx"
"2026-07-02","factory-dronex","0xf02FDbC89b1a36eA920f3C9Bb43b4Ce63125fF70","1","externa_no_clasificada","False","2026-07-02_factory-dronex.xlsx"
"2026-07-02","factory-dronex","0x0bD380F6a4FeA180E4d56DAc3Bc9C559C8D8e3B9","1","externa_no_clasificada","False","2026-07-02_factory-dronex.xlsx"
"2026-07-02","factory-dronex","0xCf93E63708b1c633299bC140AE4a9b772D5020B2","1","externa_no_clasificada","False","2026-07-02_factory-dronex.xlsx"
"2026-07-02","factory-dronex","0x0b0A35b9f1582fD5972112BC610C86BE9Ecd08e5","1","externa_no_clasificada","False","2026-07-02_factory-dronex.xlsx"
"2026-07-02","factory-dronex","0x99a379191F46e787687b1497a013B3C1d7A1D01d","1","externa_no_clasificada","False","2026-07-02_factory-dronex.xlsx"
"2026-07-02","factory-dronex","0xC2ae1301d44f29A4877aa0688E13B3fC9AacaF5e","1","externa_no_clasificada","False","2026-07-02_factory-dronex.xlsx"
"2026-07-02","factory-dronex","0xad641812779A47dc4331e36Db4BAE99E15fd0981","1","externa_no_clasificada","False","2026-07-02_factory-dronex.xlsx"
"2026-07-02","factory-dronex","0xB01358dEbF0219f77d8c86d4029b28D900DEb462","1","externa_no_clasificada","False","2026-07-02_factory-dronex.xlsx"
"2026-07-02","factory-dronex","0xfebc6083c8542120279dEab71b4fc19a6eFFE5b4","1","externa_no_clasificada","False","2026-07-02_factory-dronex.xlsx"
"2026-07-02","factory-dronex","0xf194Df716Ad15A9B727bD06108B63A0CB66cdB6B","1","externa_no_clasificada","False","2026-07-02_factory-dronex.xlsx"
"2026-07-02","factory-dronex","0xD5F9dFFb4B2Aa626963C0e83Be61663a55E8064e","1","externa_no_clasificada","False","2026-07-02_factory-dronex.xlsx"
"2026-07-02","factory-dronex","0xC23A4Aed4b778Ddc1F27b5eD05cBF863b21FFd25","1","externa_no_clasificada","False","2026-07-02_factory-dronex.xlsx"
"2026-07-02","factory-dronex","0xC4E12ba03da1f9397FaD0FF537bAd300e4c6c98C","1","externa_no_clasificada","False","2026-07-02_factory-dronex.xlsx"
"2026-07-02","factory-dronex","0xB039CE78dBA1A9B04CC630F47a204E67dB0A467f","1","externa_no_clasificada","False","2026-07-02_factory-dronex.xlsx"
"2026-07-02","factory-dronex","0x1639df48dF75328b9A035dC19cD596Ebc9887067","1","externa_no_clasificada","False","2026-07-02_factory-dronex.xlsx"
"2026-07-02","factory-dronex","0x57D1b35d089f228e095732d11a9E076515f08633","1","externa_no_clasificada","False","2026-07-02_factory-dronex.xlsx"
"2026-07-02","factory-dronex","0x766ebd1e154D11fBa79f929f81478364c1A790b9","1","externa_no_clasificada","False","2026-07-02_factory-dronex.xlsx"
"2026-07-02","factory-dronex","0x609D805f4d6A50963a453a1f3A7dbe1254981619","1","externa_no_clasificada","False","2026-07-02_factory-dronex.xlsx"
"2026-07-02","factory-dronex","0x90c33AB3bCd90d0Ef01af8b64A5eeF0596B43C9E","1","externa_no_clasificada","False","2026-07-02_factory-dronex.xlsx"
"2026-07-02","factory-dronex","0xa3ca6C053A559d85f2C66f1181b06738ABa66C1F","1","externa_no_clasificada","False","2026-07-02_factory-dronex.xlsx"
"2026-07-02","factory-dronex","0x0A7DC8E359E9f03A78a87593D80BC6a1BC48Bdc0","1","externa_no_clasificada","False","2026-07-02_factory-dronex.xlsx"
"2026-07-02","factory-dronex","0xC604b8188C54ee80184900ff5A617bEe5E6681F1","1","externa_no_clasificada","False","2026-07-02_factory-dronex.xlsx"
"2026-07-02","factory-dronex","0x7899523E9ad691a766738eef5995603232594DE0","1","externa_no_clasificada","False","2026-07-02_factory-dronex.xlsx"
"2026-07-02","factory-dronex","0x31e785645f8fA7eC05d7834Ff0306f69b415C0f5","1","externa_no_clasificada","False","2026-07-02_factory-dronex.xlsx"
"2026-07-02","factory-dronex","0x32A246517b2AcB9d445EAab8Ac8d914eC58cdE13","1","externa_no_clasificada","False","2026-07-02_factory-dronex.xlsx"
"2026-07-02","factory-dronex","0x7bD3C2E036315389E7bAb003bA5608192608bE7e","1","externa_no_clasificada","False","2026-07-02_factory-dronex.xlsx"
"2026-07-02","factory-dronex","0x0a2FCC5241A5b8a38C2C0946FB8E3A99750C5DEE","1","externa_no_clasificada","False","2026-07-02_factory-dronex.xlsx"
"2026-07-02","factory-dronex","0xB318240130A574a3769A7b636291442EAd44eFe6","1","externa_no_clasificada","False","2026-07-02_factory-dronex.xlsx"
"2026-07-02","factory-dronex","0x70466b51918c3c591B55E7edC86712f8ad5A03B5","1","externa_no_clasificada","False","2026-07-02_factory-dronex.xlsx"
"2026-07-02","factory-dronex","0x4AC932c0D5f2163C1CAA98B18070982Ca079da87","1","externa_no_clasificada","False","2026-07-02_factory-dronex.xlsx"
"2026-07-02","factory-dronex","0x24700Ad51C063606DD1BFb553a24a6FECbd2F078","1","externa_no_clasificada","False","2026-07-02_factory-dronex.xlsx"
"2026-07-02","factory-dronex","0x8B80B618C093D72C506DEF0c9d61Fbd95Ed4C172","1","externa_no_clasificada","False","2026-07-02_factory-dronex.xlsx"
"2026-07-02","factory-dronex","0x2aA9eF704c92B24Ffe6462Fb26c275F44f29aA80","1","externa_no_clasificada","False","2026-07-02_factory-dronex.xlsx"
"2026-07-02","factory-dronex","0x3d44Ce4F87DcbeD86c71E229DA63d7D2A06Ae584","1","externa_no_clasificada","False","2026-07-02_factory-dronex.xlsx"
"2026-07-02","factory-dronex","0x626094e782449b785d0D3B555Add30f4f8abb968","1","externa_no_clasificada","False","2026-07-02_factory-dronex.xlsx"
"2026-07-02","factory-dronex","0x468d328a6BDf3138829C4af32F78B9aB13117971","1","externa_no_clasificada","False","2026-07-02_factory-dronex.xlsx"
"2026-07-02","factory-dronex","0x7b54c63F3fd145C32b604dA72bDB8D220A4597bC","1","externa_no_clasificada","False","2026-07-02_factory-dronex.xlsx"
"2026-07-02","factory-dronex","0xfBaDbE0785a96d2A1A3F0530ACf7DaA1C2336497","1","externa_no_clasificada","False","2026-07-02_factory-dronex.xlsx"
"2026-07-02","factory-dronex","0x664f1FEE312A6815d538451AcFF184b1CBd0dD70","1","externa_no_clasificada","False","2026-07-02_factory-dronex.xlsx"
"2026-07-02","factory-dronex","0xF3356fEC9CebF2Fd4b71c005Da872de62A90a298","1","externa_no_clasificada","False","2026-07-02_factory-dronex.xlsx"
"2026-07-02","factory-dronex","0x325f732CC0eB8959A3493Ef1eEE977A8F2790373","1","externa_no_clasificada","False","2026-07-02_factory-dronex.xlsx"
"2026-07-02","factory-dronex","0x4be1d09f6fC47B992616e1bE3F6b35E52a3d4A24","1","externa_no_clasificada","False","2026-07-02_factory-dronex.xlsx"
"2026-07-02","factory-dronex","0xB3380261a8c530784Cba6249b6A8138055fB45bf","1","externa_no_clasificada","False","2026-07-02_factory-dronex.xlsx"
"2026-07-02","factory-dronex","0xBbdFe34D7261927a1d9cb3E81d7b2ebf3427E1e6","1","externa_no_clasificada","False","2026-07-02_factory-dronex.xlsx"
"2026-07-02","factory-dronex","0x328909d1562F1020b2Ba434B04d5EE20999355bF","1","externa_no_clasificada","False","2026-07-02_factory-dronex.xlsx"
"2026-07-02","factory-dronex","0x29D8dE4a2AFD55Cf90FFAC3fE6F7Da436831Eac8","1","externa_no_clasificada","False","2026-07-02_factory-dronex.xlsx"
"2026-07-02","factory-dronex","0x26744FfE3f7d2e8E2884FE384a79E841881bB109","1","externa_no_clasificada","False","2026-07-02_factory-dronex.xlsx"
"2026-07-02","factory-dronex","0xf23d3D523D0e4C7d1DD663074CDaFd4CB63b458f","1","externa_no_clasificada","False","2026-07-02_factory-dronex.xlsx"
"2026-07-02","factory-dronex","0xD7e196fd4D4962FB6407699cdc4EC49BD024bF89","1","externa_no_clasificada","False","2026-07-02_factory-dronex.xlsx"
"2026-07-02","factory-dronex","0x6814697D390ac7501b4557f2a4aBe59F564A9Cc6","1","externa_no_clasificada","False","2026-07-02_factory-dronex.xlsx"
"2026-07-02","factory-dronex","0x824D10242A600364f49dB4a934Be5FD4D5036528","1","externa_no_clasificada","False","2026-07-02_factory-dronex.xlsx"
"2026-07-02","factory-dronex","0x1c82160a64FdBFc13618b3fe957b620eC4e19c99","1","externa_no_clasificada","False","2026-07-02_factory-dronex.xlsx"
"2026-07-02","factory-dronex","0xa100958c6CB465684F3bF1b83A8590aB17fA45Eb","1","externa_no_clasificada","False","2026-07-02_factory-dronex.xlsx"
"2026-07-02","factory-dronex","0x8443b0F9BB616D2F330892a6CCa9492654751f70","1","externa_no_clasificada","False","2026-07-02_factory-dronex.xlsx"
"2026-07-02","factory-dronex","0x1dF4bC8F1dbd3aa3C8866bfcACD331dbdeD78017","1","externa_no_clasificada","False","2026-07-02_factory-dronex.xlsx"
"2026-07-02","factory-dronex","0x92DA9C49f95e1dcd3b69360f34f52e5258C1F5D0","1","externa_no_clasificada","False","2026-07-02_factory-dronex.xlsx"
"2026-07-02","factory-dronex","0x583bB11f824c1E148E0A4D2E76834af50e6b1Dae","1","externa_no_clasificada","False","2026-07-02_factory-dronex.xlsx"
"2026-07-02","factory-dronex","0x436875D44c74F96B88a9cc500a2b21E368443DFe","1","externa_no_clasificada","False","2026-07-02_factory-dronex.xlsx"
"2026-07-02","factory-dronex","0x26B0ffF0218fa6fF760a27750698758249119D20","1","externa_no_clasificada","False","2026-07-02_factory-dronex.xlsx"
"2026-07-02","factory-dronex","0x1B1FC950C6189cC7e44caB9835345FBE6FEA3f4b","1","externa_no_clasificada","False","2026-07-02_factory-dronex.xlsx"
"2026-07-02","factory-dronex","0xa73C1AEc374FC0a6BD8586256D061fBBd9c6b626","1","externa_no_clasificada","False","2026-07-02_factory-dronex.xlsx"
"2026-07-02","factory-dronex","0xB8B079a6d8A999937686839b94eCB226077601fB","1","externa_no_clasificada","False","2026-07-02_factory-dronex.xlsx"
"2026-07-02","factory-dronex","0x5e2C410F03E188b5B26EE86cA919c64c2Ce7aCEC","1","externa_no_clasificada","False","2026-07-02_factory-dronex.xlsx"
"2026-07-02","factory-dronex","0xF15f184b0a30f4fFF664a46223d192382100BE22","1","externa_no_clasificada","False","2026-07-02_factory-dronex.xlsx"
"2026-07-02","factory-dronex","0xe79266e415dAc5E9C62d84568F89d933Ec1514aD","1","externa_no_clasificada","False","2026-07-02_factory-dronex.xlsx"
"2026-07-02","factory-dronex","0xc3D06EEe02995C5A4bb6e76289dBD8cD2DEDc1dB","1","externa_no_clasificada","False","2026-07-02_factory-dronex.xlsx"
"2026-07-02","factory-dronex","0x65AA5cce2D9d0d785B4fA366efCd6ea29a605F50","1","externa_no_clasificada","False","2026-07-02_factory-dronex.xlsx"
"2026-07-02","factory-dronex","0xb228a7D8C387855a873D36B12c878dfDF32B90f3","1","externa_no_clasificada","False","2026-07-02_factory-dronex.xlsx"
"2026-07-02","factory-dronex","0xa3C90dA5C3F6b57dfa07c8e3ef331aA56EFC14dB","1","externa_no_clasificada","False","2026-07-02_factory-dronex.xlsx"
"2026-07-02","factory-dronex","0xc03edF866F0FA6912723e27b0d88AE382F53c90D","1","externa_no_clasificada","False","2026-07-02_factory-dronex.xlsx"
"2026-07-02","factory-dronex","0x8cC542F70B18455213c2eA5627AB5BA98ca36D31","1","externa_no_clasificada","False","2026-07-02_factory-dronex.xlsx"
"2026-07-02","factory-dronex","0xd998761088e3C3F7Bc20852265B3C4E50e1B5Ef8","1","externa_no_clasificada","False","2026-07-02_factory-dronex.xlsx"
"2026-07-02","factory-dronex","0xC7f3AA58EfA14eB76565AD05bC1cd8F9fa73fF83","1","externa_no_clasificada","False","2026-07-02_factory-dronex.xlsx"
"2026-07-02","factory-dronex","0xfE9c8ab6C4d97F420F80090d9C43b20314b96e9D","1","externa_no_clasificada","False","2026-07-02_factory-dronex.xlsx"
"2026-07-02","factory-dronex","0x6BB1075778edc41c1289C156dD5FD4dAFE63b287","1","externa_no_clasificada","False","2026-07-02_factory-dronex.xlsx"
"2026-07-02","factory-dronex","0x933b91536F06D8C2F38d22bFe5BD5e63a42351ab","1","externa_no_clasificada","False","2026-07-02_factory-dronex.xlsx"
"2026-07-02","factory-dronex","0xaD5AaC9f55bc0c5606A4eC10e70b00D18435Ba5c","1","externa_no_clasificada","False","2026-07-02_factory-dronex.xlsx"
"2026-07-02","factory-dronex","0x4ECcBf466c3faD42C6BD38bF06A844397E2F4b3b","1","externa_no_clasificada","False","2026-07-02_factory-dronex.xlsx"
"2026-07-02","factory-dronex","0x81F0B3cA48020c825B1a22548bA88F0cB9Aa776A","1","externa_no_clasificada","False","2026-07-02_factory-dronex.xlsx"
"2026-07-02","factory-dronex","0x2c86e61469ee8C97817c8B6C04F84C16244d6C27","1","externa_no_clasificada","False","2026-07-02_factory-dronex.xlsx"
"2026-07-02","factory-dronex","0xDE46fCc71DF821510E90Fc880E0eb03Be7402e26","1","externa_no_clasificada","False","2026-07-02_factory-dronex.xlsx"
"2026-07-02","factory-dronex","0xebb2ECbd4C7F82696767fD77Cc1FEA28DDa304fb","1","externa_no_clasificada","False","2026-07-02_factory-dronex.xlsx"
"2026-07-02","factory-dronex","0xe2CB8C1ED6d1Bf6FA9db3D3335E9AaAC3bd1e9A6","1","externa_no_clasificada","False","2026-07-02_factory-dronex.xlsx"
"2026-07-02","factory-dronex","0x444Eb6F712e4d1D49276e8A31e25cc51588a77fE","1","externa_no_clasificada","False","2026-07-02_factory-dronex.xlsx"
"2026-07-02","factory-dronex","0x558AC479331631B64fBC71D887d85f10C52855D4","1","externa_no_clasificada","False","2026-07-02_factory-dronex.xlsx"
"2026-07-02","factory-dronex","0x12836D5468E96A072AfAcF2C11d22fF5DdeC8B9c","1","externa_no_clasificada","False","2026-07-02_factory-dronex.xlsx"
"2026-07-02","factory-dronex","0xb987D4b633b7460388b40B8e00D27E705223E1F6","1","externa_no_clasificada","False","2026-07-02_factory-dronex.xlsx"
"2026-07-02","factory-dronex","0x8076F63d5F4D9c85198742cF78aa46C296667db9","1","externa_no_clasificada","False","2026-07-02_factory-dronex.xlsx"
"2026-07-02","factory-dronex","0x098E866863f8eAC1A11248A7096BaD0FdB7634c5","1","externa_no_clasificada","False","2026-07-02_factory-dronex.xlsx"
"2026-07-02","factory-dronex","0x49D96e1db45381Ee944edA41C55F0715D667C37f","1","externa_no_clasificada","False","2026-07-02_factory-dronex.xlsx"
"2026-07-02","factory-dronex","0x7420fd709dcaDf38645aA314911C3aD2931A8f18","1","externa_no_clasificada","False","2026-07-02_factory-dronex.xlsx"
"2026-07-02","factory-dronex","0x4ebAaeAE91b5E46085D7b505f336bda609dc8128","1","externa_no_clasificada","False","2026-07-02_factory-dronex.xlsx"
"2026-07-02","factory-dronex","0x445B78D4a3806596d9ebf0d1ffF21380796d3EA9","1","externa_no_clasificada","False","2026-07-02_factory-dronex.xlsx"
"2026-07-02","factory-dronex","0xB14479a9551E548C587e9527D25d2DeD6f3Aaf5F","1","externa_no_clasificada","False","2026-07-02_factory-dronex.xlsx"
"2026-07-02","factory-dronex","0xE1f178820256223620Fd919A16A93D2a7B0be0f3","1","externa_no_clasificada","False","2026-07-02_factory-dronex.xlsx"
"2026-07-02","factory-dronex","0x7b302B3C969126b84Cee27f441440A3877324cfc","1","externa_no_clasificada","False","2026-07-02_factory-dronex.xlsx"
"2026-07-02","factory-dronex","0x8cBDE45ade7F009425f133eC61f3bBa80D1D12B9","1","externa_no_clasificada","False","2026-07-02_factory-dronex.xlsx"
"2026-07-02","factory-dronex","0xEb993D1E8240d3EE9D0733fEDA4347e8D2Ef9D08","1","externa_no_clasificada","False","2026-07-02_factory-dronex.xlsx"
"2026-07-02","factory-dronex","0xE3B4228ECf0D8a87826C8aa57a92B65Fa4D0ec20","1","externa_no_clasificada","False","2026-07-02_factory-dronex.xlsx"
"2026-07-02","factory-dronex","0x1605A7438f77d680e557b6861F38CFc3Ae61c322","1","externa_no_clasificada","False","2026-07-02_factory-dronex.xlsx"
"2026-07-02","factory-dronex","0x921B2A812B6C3a9C4675Bb508d1722ff1ba74d79","1","externa_no_clasificada","False","2026-07-02_factory-dronex.xlsx"
"2026-07-02","factory-dronex","0xed2320Bc8E42912fDe9F676100823d4CE03d01cb","1","externa_no_clasificada","False","2026-07-02_factory-dronex.xlsx"
"2026-07-02","factory-dronex","0x42d3D5e94dF23e3319950E70B34fb98fDb5cC06E","1","externa_no_clasificada","False","2026-07-02_factory-dronex.xlsx"
"2026-07-02","factory-dronex","0x1B7929064f93352713a41B0AC1dFb0c566852f86","1","externa_no_clasificada","False","2026-07-02_factory-dronex.xlsx"
"2026-07-02","factory-dronex","0xaEf2e034bead52aa0CF50f6E2dDE40884EABA300","1","externa_no_clasificada","False","2026-07-02_factory-dronex.xlsx"
"2026-07-02","factory-dronex","0xe56558b5813C4D931688b2c5ceB932c894a28475","1","externa_no_clasificada","False","2026-07-02_factory-dronex.xlsx"
"2026-07-02","factory-dronex","0x2c32948654256b6EE0208528Ad29fE5Bc016d91b","1","externa_no_clasificada","False","2026-07-02_factory-dronex.xlsx"
"2026-07-02","factory-dronex","0x59D2a006b266C9793d73CB978495D355b7A0a318","1","externa_no_clasificada","False","2026-07-02_factory-dronex.xlsx"
"2026-07-02","factory-dronex","0xb640049CeC3Cc9BCCd4dE21A435F2F834bbE427d","1","externa_no_clasificada","False","2026-07-02_factory-dronex.xlsx"
"2026-07-02","factory-dronex","0x69d1eF9F708e47b91f6fd4338C127278c26ef65E","1","externa_no_clasificada","False","2026-07-02_factory-dronex.xlsx"
"2026-07-02","factory-dronex","0x969EDb812E545a87174067ef0118F93c14155B3a","1","externa_no_clasificada","False","2026-07-02_factory-dronex.xlsx"
"2026-07-02","factory-dronex","0x260cF5bED7dF1Bf02Cd914987EeEa8586657d702","1","externa_no_clasificada","False","2026-07-02_factory-dronex.xlsx"
"2026-07-02","factory-dronex","0x5AA00D1A56758aaA26056383c8DCE6BA939A5cbc","1","externa_no_clasificada","False","2026-07-02_factory-dronex.xlsx"
"2026-07-02","factory-dronex","0x2AA1a915C872bF93d07C186ba3512C0DDF47cd62","1","externa_no_clasificada","False","2026-07-02_factory-dronex.xlsx"
"2026-07-02","factory-dronex","0x6cff9311eC4DFa60A263F4F653D37a83F57f3B25","1","externa_no_clasificada","False","2026-07-02_factory-dronex.xlsx"
"2026-07-02","factory-dronex","0x5BBf49ed428493e3B8FBD01272D134E172d7B483","1","externa_no_clasificada","False","2026-07-02_factory-dronex.xlsx"
"2026-07-02","factory-dronex","0xD2Af781E84bb93Af3ff1256431e0822489e0B2A9","1","externa_no_clasificada","False","2026-07-02_factory-dronex.xlsx"
"2026-07-02","factory-dronex","0x585f9D8e1412dC64F7C5fDF6c554BAca1f92560A","1","externa_no_clasificada","False","2026-07-02_factory-dronex.xlsx"
"2026-07-02","factory-dronex","0xc7aBc8C79999771D10182F0AEBAaf2fCdACfC94b","1","externa_no_clasificada","False","2026-07-02_factory-dronex.xlsx"
"2026-07-02","factory-dronex","0x5e492076761c465a4c35298CbB680FDD54408B02","1","externa_no_clasificada","False","2026-07-02_factory-dronex.xlsx"
"2026-07-02","factory-dronex","0xC0A20391EA6C93Eb4a6924CcfA09d23E53f89f8e","1","externa_no_clasificada","False","2026-07-02_factory-dronex.xlsx"
"2026-07-02","factory-dronex","0xfFA4D1B0C02e274401776b09B75CFbdd42120D8A","1","externa_no_clasificada","False","2026-07-02_factory-dronex.xlsx"
"2026-07-02","factory-dronex","0x1aD106A7fA1E1147CF2c5E562B6aaD0B07b24fbA","1","externa_no_clasificada","False","2026-07-02_factory-dronex.xlsx"
"2026-07-02","factory-dronex","0xB5DC947bF162006de4C5eC2AcE17C7949eb18194","1","externa_no_clasificada","False","2026-07-02_factory-dronex.xlsx"
"2026-07-02","factory-dronex","0xA8d7E64ABF743a0841c4a11A63C2687F28a0e3dE","1","externa_no_clasificada","False","2026-07-02_factory-dronex.xlsx"
"2026-07-02","factory-dronex","0xF164E7e2Cae2BFc31d6e2ec6AF20BDE9346C63E1","1","externa_no_clasificada","False","2026-07-02_factory-dronex.xlsx"
"2026-07-02","factory-dronex","0x00a7D6248686d17c6271009a29Cd5a970b0d62a2","1","externa_no_clasificada","False","2026-07-02_factory-dronex.xlsx"
"2026-07-02","factory-dronex","0x8f32aBC99cD517E51f0a5AFE58AAf498d495ff91","1","externa_no_clasificada","False","2026-07-02_factory-dronex.xlsx"
"2026-07-02","factory-dronex","0x1f109EcadF40d6179de78d365AB8040894711F1b","1","externa_no_clasificada","False","2026-07-02_factory-dronex.xlsx"
"2026-07-02","factory-dronex","0xE80F0DE1B43e48327Dee72F3DD60A7081414827E","1","externa_no_clasificada","False","2026-07-02_factory-dronex.xlsx"
"2026-07-02","factory-dronex","0xD367330BD7eAd4B9eF57e1fE9518c65Fa346af98","1","externa_no_clasificada","False","2026-07-02_factory-dronex.xlsx"
